Lidl Ireland Gmbh - Charleville,Baby Corn 16 x 130g,7/3/2025,30
Lidl Ireland Gmbh - Charleville,Baby Corn 16 x 130g,6/3/2025,40
Lidl Ireland Gmbh - Charleville,Baby Corn 16 x 130g,5/3/2025,30
Lidl Ireland Gmbh - Charleville,Baby Corn 16 x 130g,3/3/2025,20
Lidl Ireland Gmbh - Charleville,Baby Corn 16 x 130g,2/3/2025,20
Lidl Ireland Gmbh - Charleville,Baby Corn 16 x 130g,1/3/2025,40
Lidl Ireland Gmbh - Charleville,Baby Corn 16 x 130g,28/2/2025,60
Lidl Ireland Gmbh - Charleville,Baby Corn 14 x 170g,24/2/2025,80
Lidl Ireland Gmbh - Charleville,Baby Corn 14 x 170g,23/2/2025,120
Lidl Ireland Gmbh - Charleville,Baby Corn 14 x 170g,22/2/2025,80
Lidl Ireland Gmbh - Charleville,Baby Corn 14 x 170g,21/2/2025,120
Lidl Ireland Gmbh - Charleville,Baby Corn 14 x 170g,20/2/2025,120
Lidl Ireland Gmbh - Charleville,Baby Corn 14 x 170g,19/2/2025,200
Lidl Ireland Gmbh - Charleville,Baby Corn 16 x 130g,17/2/2025,20
Lidl Ireland Gmbh - Charleville,Baby Corn 16 x 130g,16/2/2025,20
Lidl Ireland Gmbh - Charleville,Baby Corn 16 x 130g,15/2/2025,20
Lidl Ireland Gmbh - Charleville,Baby Corn 16 x 130g,14/2/2025,30
Lidl Ireland Gmbh - Charleville,Baby Corn 16 x 130g,13/2/2025,20
Lidl Ireland Gmbh - Charleville,Baby Corn 16 x 130g,12/2/2025,20
Lidl Ireland Gmbh - Charleville,Baby Corn 16 x 130g,11/2/2025,20
Lidl Ireland Gmbh - Charleville,Baby Corn 16 x 130g,10/2/2025,30
Lidl Ireland Gmbh - Charleville,Baby Corn 16 x 130g,9/2/2025,30
Lidl Ireland Gmbh - Charleville,Baby Corn 16 x 130g,8/2/2025,40
Lidl Ireland Gmbh - Charleville,Baby Corn 16 x 130g,6/2/2025,30
Lidl Ireland Gmbh - Charleville,Baby Corn 16 x 130g,5/2/2025,40
Lidl Ireland Gmbh - Charleville,Baby Corn 16 x 130g,4/2/2025,20
Lidl Ireland Gmbh - Charleville,Baby Corn 16 x 130g,2/2/2025,20
Lidl Ireland Gmbh - Charleville,Baby Corn 16 x 130g,1/2/2025,40
Lidl Ireland Gmbh - Mullingar,Baby Corn 16 x 130g,7/3/2025,58
Lidl Ireland Gmbh - Mullingar,Baby Corn 16 x 130g,6/3/2025,20
Lidl Ireland Gmbh - Mullingar,Baby Corn 16 x 130g,5/3/2025,80
Lidl Ireland Gmbh - Mullingar,Baby Corn 16 x 130g,3/3/2025,60
Lidl Ireland Gmbh - Mullingar,Baby Corn 16 x 130g,2/3/2025,60
Lidl Ireland Gmbh - Mullingar,Baby Corn 16 x 130g,28/2/2025,60
Lidl Ireland Gmbh - Mullingar,Baby Corn 16 x 130g,27/2/2025,30
Lidl Ireland Gmbh - Mullingar,Baby Corn 16 x 130g,26/2/2025,80
Lidl Ireland Gmbh - Mullingar,Baby Corn 14 x 170g,25/2/2025,40
Lidl Ireland Gmbh - Mullingar,Baby Corn 14 x 170g,24/2/2025,80
Lidl Ireland Gmbh - Mullingar,Baby Corn 14 x 170g,23/2/2025,260
Lidl Ireland Gmbh - Mullingar,Baby Corn 14 x 170g,22/2/2025,80
Lidl Ireland Gmbh - Mullingar,Baby Corn 14 x 170g,21/2/2025,200
Lidl Ireland Gmbh - Mullingar,Baby Corn 14 x 170g,20/2/2025,200
Lidl Ireland Gmbh - Mullingar,Baby Corn 14 x 170g,19/2/2025,240
Lidl Ireland Gmbh - Mullingar,Baby Corn 16 x 130g,17/2/2025,20
Lidl Ireland Gmbh - Mullingar,Baby Corn 16 x 130g,16/2/2025,20
Lidl Ireland Gmbh - Mullingar,Baby Corn 16 x 130g,15/2/2025,40
Lidl Ireland Gmbh - Mullingar,Baby Corn 16 x 130g,14/2/2025,60
Lidl Ireland Gmbh - Mullingar,Baby Corn 16 x 130g,13/2/2025,40
Lidl Ireland Gmbh - Mullingar,Baby Corn 16 x 130g,12/2/2025,60
Lidl Ireland Gmbh - Mullingar,Baby Corn 16 x 130g,11/2/2025,20
Lidl Ireland Gmbh - Mullingar,Baby Corn 16 x 130g,10/2/2025,40
Lidl Ireland Gmbh - Mullingar,Baby Corn 16 x 130g,9/2/2025,30
Lidl Ireland Gmbh - Mullingar,Baby Corn 16 x 130g,8/2/2025,60
Lidl Ireland Gmbh - Mullingar,Baby Corn 16 x 130g,7/2/2025,60
Lidl Ireland Gmbh - Mullingar,Baby Corn 16 x 130g,6/2/2025,60
Lidl Ireland Gmbh - Mullingar,Baby Corn 16 x 130g,4/2/2025,40
Lidl Ireland Gmbh - Mullingar,Baby Corn 16 x 130g,3/2/2025,40
Lidl Ireland Gmbh - Mullingar,Baby Corn 16 x 130g,2/2/2025,60
Lidl Ireland Gmbh - Mullingar,Baby Corn 16 x 130g,1/2/2025,60
Lidl Ireland Gmbh - Newbridge,Baby Corn 16 x 130g,7/3/2025,60
Lidl Ireland Gmbh - Newbridge,Baby Corn 16 x 130g,6/3/2025,40
Lidl Ireland Gmbh - Newbridge,Baby Corn 16 x 130g,5/3/2025,60
Lidl Ireland Gmbh - Newbridge,Baby Corn 16 x 130g,4/3/2025,20
Lidl Ireland Gmbh - Newbridge,Baby Corn 16 x 130g,3/3/2025,60
Lidl Ireland Gmbh - Newbridge,Baby Corn 16 x 130g,2/3/2025,40
Lidl Ireland Gmbh - Newbridge,Baby Corn 16 x 130g,1/3/2025,50
Lidl Ireland Gmbh - Newbridge,Baby Corn 16 x 130g,28/2/2025,50
Lidl Ireland Gmbh - Newbridge,Baby Corn 16 x 130g,27/2/2025,40
Lidl Ireland Gmbh - Newbridge,Baby Corn 16 x 130g,26/2/2025,80
Lidl Ireland Gmbh - Newbridge,Baby Corn 14 x 170g,25/2/2025,40
Lidl Ireland Gmbh - Newbridge,Baby Corn 14 x 170g,24/2/2025,120
Lidl Ireland Gmbh - Newbridge,Baby Corn 14 x 170g,23/2/2025,120
Lidl Ireland Gmbh - Newbridge,Baby Corn 14 x 170g,22/2/2025,120
Lidl Ireland Gmbh - Newbridge,Baby Corn 14 x 170g,21/2/2025,160
Lidl Ireland Gmbh - Newbridge,Baby Corn 14 x 170g,20/2/2025,200
Lidl Ireland Gmbh - Newbridge,Baby Corn 14 x 170g,19/2/2025,240
Lidl Ireland Gmbh - Newbridge,Baby Corn 16 x 130g,15/2/2025,60
Lidl Ireland Gmbh - Newbridge,Baby Corn 16 x 130g,14/2/2025,60
Lidl Ireland Gmbh - Newbridge,Baby Corn 16 x 130g,13/2/2025,60
Lidl Ireland Gmbh - Newbridge,Baby Corn 16 x 130g,12/2/2025,40
Lidl Ireland Gmbh - Newbridge,Baby Corn 16 x 130g,11/2/2025,20
Lidl Ireland Gmbh - Newbridge,Baby Corn 16 x 130g,10/2/2025,40
Lidl Ireland Gmbh - Newbridge,Baby Corn 16 x 130g,9/2/2025,40
Lidl Ireland Gmbh - Newbridge,Baby Corn 16 x 130g,8/2/2025,60
Lidl Ireland Gmbh - Newbridge,Baby Corn 16 x 130g,7/2/2025,60
Lidl Ireland Gmbh - Newbridge,Baby Corn 16 x 130g,6/2/2025,40
Lidl Ireland Gmbh - Newbridge,Baby Corn 16 x 130g,5/2/2025,51
Lidl Ireland Gmbh - Newbridge,Baby Corn 16 x 130g,4/2/2025,30
Lidl Ireland Gmbh - Newbridge,Baby Corn 16 x 130g,3/2/2025,40
Lidl Ireland Gmbh - Newbridge,Baby Corn 16 x 130g,2/2/2025,20
Lidl Ireland Gmbh - Newbridge,Baby Corn 16 x 130g,1/2/2025,60
Lidl Northern Ireland Limited,Baby Corn 16 x 130g,7/3/2025,50
Lidl Northern Ireland Limited,Baby Corn 16 x 130g,6/3/2025,60
Lidl Northern Ireland Limited,Baby Corn 16 x 130g,5/3/2025,30
Lidl Northern Ireland Limited,Baby Corn 16 x 130g,4/3/2025,40
Lidl Northern Ireland Limited,Baby Corn 16 x 130g,3/3/2025,40
Lidl Northern Ireland Limited,Baby Corn 16 x 130g,2/3/2025,30
Lidl Northern Ireland Limited,Baby Corn 16 x 130g,28/2/2025,60
Lidl Northern Ireland Limited,Baby Corn 16 x 130g,27/2/2025,30
Lidl Northern Ireland Limited,Baby Corn 14 x 170g,25/2/2025,40
Lidl Northern Ireland Limited,Baby Corn 14 x 170g,24/2/2025,80
Lidl Northern Ireland Limited,Baby Corn 14 x 170g,23/2/2025,280
Lidl Northern Ireland Limited,Baby Corn 14 x 170g,22/2/2025,120
Lidl Northern Ireland Limited,Baby Corn 14 x 170g,21/2/2025,120
Lidl Northern Ireland Limited,Baby Corn 14 x 170g,20/2/2025,160
Lidl Northern Ireland Limited,Baby Corn 14 x 170g,19/2/2025,200
Lidl Northern Ireland Limited,Baby Corn 14 x 170g,15/2/2025,40
Lidl Northern Ireland Limited,Baby Corn 14 x 170g,14/2/2025,40
Lidl Northern Ireland Limited,Baby Corn 14 x 170g,13/2/2025,40
Lidl Northern Ireland Limited,Baby Corn 14 x 170g,12/2/2025,60
Lidl Northern Ireland Limited,Baby Corn 16 x 130g,11/2/2025,40
Lidl Northern Ireland Limited,Baby Corn 14 x 170g,10/2/2025,30
Lidl Northern Ireland Limited,Baby Corn 14 x 170g,9/2/2025,30
Lidl Northern Ireland Limited,Baby Corn 14 x 170g,8/2/2025,30
Lidl Northern Ireland Limited,Baby Corn 14 x 170g,7/2/2025,40
Lidl Northern Ireland Limited,Baby Corn 14 x 170g,6/2/2025,20
Lidl Northern Ireland Limited,Baby Corn 14 x 170g,5/2/2025,80
Lidl Northern Ireland Limited,Baby Corn 14 x 170g,4/2/2025,30
Lidl Northern Ireland Limited,Baby Corn 14 x 170g,3/2/2025,20
Lidl Northern Ireland Limited,Baby Corn 14 x 170g,2/2/2025,60
Lidl Northern Ireland Limited,Baby Corn 14 x 170g,1/2/2025,30